12345678,Juan,Perez,jperez@email.com,912345678
23456789,Maria,Gonzalez,mgonzalez@email.com,923456789
34567890,Pedro,Rodriguez,prodriguez@email.com,934567890
45678901,Laura,Garcia,lgarcia@email.com,945678901
56789012,David,Martinez,dmartinez@email.com,956789012
67890123,Carmen,Hernandez,chernandez@email.com,967890123
78901234,Ricardo,Lopez,rlopez@email.com,978901234
89012345,Andrea,Jimenez,ajimenez@email.com,989012345
90123456,Roberto,Torres,rtorres@email.com,990123456
01234567,Lucia,Ramirez,lramirez@email.com,901234567
