1,Proteina Whey,25,100,Suplemento,Proteina de suero de leche en polvo
2,Multivitaminico,15,200,Suplemento,Comprimidos multivitaminicos para el bienestar general
3,Barra de proteina,2,300,Barra,Barra de proteina para llevar
4,Creatina,19,150,Suplemento,Creatina monohidratada en polvo
5,BCAA,14,250,Suplemento,Comprimidos de aminoácidos de cadena ramificada
6,Pre-entreno,29,120,Suplemento,Suplemento en polvo para tomar antes del entrenamiento
7,Quemador de grasa,24,75,Suplemento,Suplemento termogénico para ayudar a quemar grasa
8,Glutamina,12,180,Suplemento,Glutamina en polvo para recuperación muscular
9,Shaker,7,50,Accesorio,Vaso mezclador para suplementos en polvo
10,Cinturon de levantamiento,29,25,Accesorio,Cinturón para levantamiento de pesas y soporte lumbar
